filename,face_id,confidence
congress/111/P000422.jpg,13c07435-a9ef-4266-b917-a024b8db3c19,0.21643
congress/111/K000360.jpg,7eb8acb7-61d8-476f-9c13-6c7a8352c12d,0.25389
congress/111/M001170.jpg,6c1ba10d-aeb5-42db-8f67-f4a4d2a8d934,0.20362
congress/111/T000038.jpg,04e004a8-340f-43ea-ae96-189dd305fd1f,0.09981
congress/111/M001176.jpg,e3fb148c-b68b-47c3-aa84-4e93b10595d6,0.1055
congress/111/R000575.jpg,151c2f40-31da-4274-9954-79111bc3731c,0.23684
congress/111/B000243.jpg,651ab091-2425-4464-8a51-80519f9d9bc7,0.33374
congress/111/L000570.jpg,d83684f9-f4f2-4a44-a8c7-0218712925cd,0.09947
congress/111/H001036.jpg,3cdd7fa5-6357-4cd4-8665-31d53c8720e5,0.20963
congress/111/F000445.jpg,7e5dd081-39f6-40b6-95dc-7d39dfdb0958,0.24167
congress/111/K000369.jpg,0085e0c9-b0bc-4e02-b0b9-f1769db4042a,0.18725
congress/111/C000059.jpg,4f9d3f9c-daf5-4bc9-bb58-bf99b630c524,0.22384
congress/111/B001255.jpg,fbebfbd4-fac0-450b-b8fe-bfadf379d3f1,0.13057
congress/111/D000604.jpg,859b5506-c8f0-4dc2-835f-f836d7e4caab,0.35233
congress/111/V000081.jpg,45bb0bf3-6ea0-4a0c-85ac-7f1c8d30b754,0.08895
congress/111/N000032.jpg,7f2d5c69-0ec1-4d19-93de-42ac1810e889,0.21366
congress/111/S000244.jpg,cdaea022-4c7f-4554-a829-78d78aa0dfe9,0.12634
congress/111/W000799.jpg,4011160d-4e6b-486c-a33f-51d78faa925c,0.3139
congress/111/P000597.jpg,4bb0cf2f-d3ae-46e3-b16f-218a4032d37e,0.09804
congress/111/C001050.jpg,454697fd-e918-4ea9-95b4-64ab26f55dcd,0.23534
congress/111/F000453.jpg,bceabae2-33f5-45c9-8113-9ad995263def,0.15927
congress/111/M000485.jpg,033367d7-8f1d-489f-83d6-326a8bbaaced,0.14913
congress/111/C001036.jpg,8dfccb30-38ad-4960-a392-4ef33e89bdae,0.13023
congress/111/J000126.jpg,31deb88a-8cdf-4eb0-b37c-1185ef6b28dc,0.09432
congress/111/C001062.jpg,a71f3f3f-9eac-470f-897b-11507be5a450,0.26483
congress/111/H001049.jpg,2eff857f-0427-4f4f-afa2-18332d656f5f,0.09829
congress/111/B000444.jpg,220331ce-d34d-47c3-86c9-97824e65440f,0.16998
congress/111/L000123.jpg,713f6cb3-f8b6-41a9-9e1f-fa5c4f0987c9,0.20758
congress/111/G000552.jpg,fbb7dde2-d014-458f-a7d5-abb7f03e997e,0.26414
congress/111/C001058.jpg,300786be-ce5e-4d53-ad3e-17245f934d3e,0.29993
congress/111/C001064.jpg,ec8fa2ff-cd97-4565-ad57-e525577e8f37,0.15842
congress/111/M000689.jpg,1f715479-2f4a-40df-9679-1a0c64d24b89,0.27348
congress/111/D000197.jpg,e6a51608-1366-473b-b8d7-0c4148d8113f,0.11432
congress/111/B000611.jpg,006c07b8-21c3-4a77-8776-496fd5cc343e,0.30753
congress/111/M001144.jpg,d158c122-3062-4f9c-b2f7-a4e3ad0cb9a5,0.2074
congress/111/L000557.jpg,16dce655-6a4b-4d26-9b1f-63d064131b05,0.10047
congress/111/N000015.jpg,7eb470ef-78d3-44fc-a833-e116dff4e8a3,0.09349
congress/111/B001243.jpg,4b3cbf10-f1b5-4d45-ba6d-0a0d3c503ea9,0.08579
congress/111/M001155.jpg,834e27e5-c65d-4679-ab01-71faa2dbedbe,0.30811
congress/111/M001174.jpg,b7d18a5d-0846-4d19-aece-003dbeac294c,0.1598
congress/111/C000560.jpg,cb44223e-ae04-47a3-ab52-5dbb89bb4c9a,0.30313
congress/111/D000492.jpg,56e98a39-50db-437b-bc8f-627efcff4490,0.17171
congress/111/R000361.jpg,18fa6d7e-da16-465c-b48d-c35ae4809552,0.31873
congress/111/C000174.jpg,86539961-689c-42e3-b7a0-4ec0d638359c,0.36756
congress/111/D000607.jpg,f16ad64e-c0e4-4cb5-a16d-10f1b2d46add,0.285
congress/111/L000111.jpg,4a37e7c0-3142-4718-9879-5b0341b6bb4e,0.15184
congress/111/L000564.jpg,01c22b7e-e019-419f-8939-14937964cf59,0.29324
congress/111/B001234.jpg,b3ad81bb-721d-412f-8569-f65a77a3c709,0.30346
congress/111/M000303.jpg,82a64473-806d-47ee-a437-a41517aec7e0,0.19381
congress/111/F000116.jpg,d5e13142-06f9-4394-9eef-dad36e37c18b,0.34424
congress/111/S000320.jpg,48a04595-2604-45f6-b314-76cbb446b906,0.24712
congress/111/E000288.jpg,72148ca0-dd06-4255-a491-83c1a73c2046,0.09512
congress/111/S000672.jpg,b26f13f3-490b-4bba-ae9c-06dc153f6f90,0.24158
congress/111/C001063.jpg,f7d24356-23ce-4e5b-bed6-4569c55ae541,0.12704
congress/111/G000410.jpg,9e1964a0-5ee8-498c-8c27-d13ef236f936,0.43335
congress/111/G000560.jpg,950b0d1f-efe0-4610-82be-b34051289bb2,0.0977
congress/111/C001038.jpg,3ce73ed6-9522-427b-9e81-aece169d5653,0.22972
congress/111/F000010.jpg,da1d183e-381f-4e15-a97f-e82f6785fa7e,0.1636
congress/111/J000177.jpg,5ac88e11-594e-4cde-8ed9-392b3acb2569,0.16251
congress/111/R000011.jpg,31de7081-9344-4bd6-809e-73911929d28c,0.22468
congress/111/L000263.jpg,4ebbb0bb-9463-4d62-b90a-a1ebe517d14b,0.09838
congress/111/G000544.jpg,e4a065e9-84b4-4ef6-91d8-71d5233ab11d,0.20386
congress/111/P000593.jpg,2533c8e5-9f48-445a-a38f-c62a691eb786,0.26175
congress/111/J000290.jpg,7e1e597a-cb59-4916-8324-b69fcc41d67c,0.09754
congress/111/K000113.jpg,4448c1e7-42e1-4301-961e-4e12306e471d,0.15165
congress/111/M001171.jpg,3836f3d0-eccf-44a9-ad29-3b03b82f2d9a,0.11621
congress/111/S001154.jpg,e4a0eed0-dbd2-4566-9c32-c929ca8c550b,0.18327
congress/111/N000179.jpg,b9db5171-ec63-4782-899d-46c01e335ea8,0.08796
congress/111/W000796.jpg,e57b81d9-e90a-4729-8171-366ec8a7eb6d,0.1633
congress/111/N000180.jpg,a507b409-7ce8-4e05-8b17-a5348c49e641,0.18974
congress/111/H001045.jpg,e83412ef-3bd7-433d-a936-2d5096b7ca96,0.19136
congress/111/R000515.jpg,54e2f8a4-153f-4809-a9a0-2a2a802192dd,0.08093
congress/111/B000575.jpg,64977cf2-b71c-4f88-9d29-210bd3eb28d4,0.21652
congress/111/K000366.jpg,517da3ac-1626-4b00-9bea-8578f496e889,0.16566
congress/111/S001181.jpg,7dbaba45-dcd6-4dfb-9606-0e7c4a04e235,0.28215
congress/111/R000307.jpg,9d6888f3-13bc-4687-b242-c8645b24e107,0.26992
congress/111/W000314.jpg,9d235d79-efed-4f28-a54e-440439727239,0.19997
congress/111/W000437.jpg,01612fd6-4a62-4cc6-a2df-15300b285118,0.09601
congress/111/H000712.jpg,76e8b850-0075-4201-ac78-6a64dc35c33b,0.22842
congress/111/M001157.jpg,bd03f868-ca1d-4636-8e7c-70994d2f14e5,0.16768
congress/111/A000358.jpg,35f5ce71-e08f-4ba8-8621-48a195803373,0.40406
congress/111/B001266.jpg,7742d3a0-1c40-4638-9fa5-806e2d0a99d3,0.11194
congress/111/M000725.jpg,b714aaaa-3765-4277-ac60-50ed92f6b5d1,0.148
congress/111/D000299.jpg,72a4cde9-ce58-4eba-9509-f4d49ff3b5d2,0.33657
congress/111/M001163.jpg,acd1b958-2992-4759-86d1-f39c1d71c3bd,0.09647
congress/111/P000594.jpg,17d29298-8a17-4a82-b371-2022d10f6297,0.17815
congress/111/H000067.jpg,da290364-11ac-4d90-9658-ac493e7981bc,0.23203
congress/111/S001169.jpg,a3aa947f-b615-4d23-a6d5-7b03bc94a8c0,0.31145
congress/111/S001148.jpg,eb0b202d-186c-46ec-9190-9f3e3b50a435,0.29776
congress/111/H000874.jpg,13296b89-29fd-4cea-969d-5e21e507579a,0.09528
congress/111/R000583.jpg,46cc7f07-3f7f-4220-bd7c-585bcd090816,0.30145
congress/111/R000122.jpg,f74b1a41-1f83-4a6a-8444-e545c3a10f99,0.1326
congress/111/M000087.jpg,3ed9db36-e826-415f-9b69-819dc5bc60d9,0.10801
congress/111/E000063.jpg,723fcf25-c400-4e61-8787-95039d70b70d,0.26259
congress/111/M001151.jpg,874b289d-d8d1-4249-94bb-540c2e2eccdd,0.11074
congress/111/I000026.jpg,0a6064b9-c0b6-4935-a867-bbd0e232a3a9,0.20645
congress/111/G000386.jpg,ccf8b992-7503-4e4d-b8fa-16208d6a58a1,0.35038
congress/111/G000289.jpg,9433137a-1c01-4624-aae2-0e7a101fc1fc,0.25907
congress/111/M000933.jpg,9befa924-dc66-47c9-8693-6d4064f852d5,0.12097
congress/111/M001143.jpg,0102ba8c-44c6-4a31-b40a-c33ed4ff3153,0.15027
congress/111/G000559.jpg,7903b9bd-fdda-4f8b-b0d5-a0663e19e2e5,0.09541
congress/111/B001260.jpg,4af858cf-c2e1-4ed9-a621-ea38834a9f7f,0.28766
congress/111/B001210.jpg,b501b1c8-35a7-4742-86e6-e7303347e8d1,0.15868
congress/111/G000555.jpg,0fa2d861-e161-4696-bcca-c798bd27b2f6,0.09345
congress/111/N000147.jpg,000aa6c9-40d5-46c0-b046-4bec86a83a1b,0.18704
congress/111/A000365.jpg,ccfc7a4a-8b22-4f78-90d3-27e6cc3124de,0.25829
congress/111/D000595.jpg,9987bc3d-afc6-422e-9228-859cf828e50e,0.09907
congress/111/J000255.jpg,907d84eb-8a82-4048-806d-d4dbd9ab0025,0.32068
congress/111/D000168.jpg,b9cf7faa-1b0d-472e-82b4-805ccba965af,0.36066
congress/111/W000803.jpg,fc2d7919-3506-4380-b2c8-23a9373cc198,0.17395
congress/111/B001066.jpg,a2892dc3-a2fd-4bc9-90d5-1eaa9e725ca2,0.10834
congress/111/C001079.jpg,7e4cd56d-4b7c-425f-9d3b-1b08e078a1fa,0.09895
congress/111/O000168.jpg,daa5fe16-7915-4544-95ce-fcbd830c0a3c,0.12649
congress/111/L000274.jpg,38188f1d-195c-464d-84f4-a274e05dff7d,0.09907
congress/111/L000554.jpg,62b2c890-a90c-4144-89a5-f8bd64e1785f,0.12574
congress/111/P000596.jpg,1db16589-3b3d-42e4-8995-95b74b53e722,0.09736
congress/111/H001016.jpg,9d929841-a687-455a-8c5a-97d7316f3833,0.13202
congress/111/B001233.jpg,75c5b8ee-c8d5-4ff9-9004-3d560e5f7ba0,0.09786
congress/111/C000984.jpg,ce88e280-08fd-4405-bfc7-eb97c4cfce1c,0.19473
congress/111/D000096.jpg,ed859e6c-e6b0-4a6e-831f-b9cd2324cf69,0.12002
congress/111/B001232.jpg,4bc3e1b3-93b4-4f06-97bc-21e2da8c1911,0.09689
congress/111/M000312.jpg,b188a3fb-f5cc-4860-89fe-cde75a4adbb1,0.09039
congress/111/K000363.jpg,c03d6487-a215-49f4-9ceb-db913f9d7cc1,0.0979
congress/111/D000482.jpg,73bc0f3d-dad3-4765-af8d-8a7028ab649f,0.24465
congress/111/H001034.jpg,a19b49a3-6151-48d1-b6a5-2945db36a20f,0.29268
congress/111/M001139.jpg,33ae74e9-a694-4877-a4f4-799e4a615973,0.21486
congress/111/E000289.jpg,e7fe8636-1ab2-4855-a060-fa34313df3ca,0.17717
congress/111/K000009.jpg,aef425be-4a4e-4aa2-ac56-57d811968128,0.13119
congress/111/H000206.jpg,6b5da024-fd43-4d6e-b85f-fc9c13007e20,0.32317
congress/111/S000030.jpg,583cd0c7-119f-40c9-8584-93cb335dbe74,0.15035
congress/111/G000549.jpg,64327c89-f366-4180-8cac-dbe65bbcbbbc,0.24629
congress/111/C001041.jpg,52734c7c-092f-4dcc-8000-2aa69f951116,0.09266
congress/111/Q000023.jpg,fb04899b-3e98-435b-9b60-e54c80dd9ca3,0.15833
congress/111/G000546.jpg,0b4a1e67-2fd2-4b2f-ba47-9c6b0fd37696,0.09792
congress/111/M001175.jpg,58b4c34d-75eb-49a6-98ed-4b1d5278d58f,0.17435
congress/111/M001162.jpg,a0304b03-52f5-418c-8c07-09d1c3e2831c,0.13634
congress/111/P000592.jpg,4dfe9633-f3f8-479d-94ee-585bc413d342,0.32807
congress/111/T000462.jpg,82373019-4f7c-4535-8c4b-66b91d1dd6de,0.16896
congress/111/K000210.jpg,31a3ba03-efea-459f-918c-ba89dcd79ae6,0.25028
congress/111/C001046.jpg,a0b06b39-0089-436d-9fab-e08f058277ea,0.15338
congress/111/S001170.jpg,4b71d270-d0df-43d5-b495-6a29481e60b0,0.27636
congress/111/L000568.jpg,a446549b-1c9f-4b95-9222-9d80b8aaedea,0.11526
congress/111/H001043.jpg,9d06831a-c88b-47ca-922f-f2636c31dbf1,0.23909
congress/111/S000344.jpg,1a81ea95-db9d-42c2-a120-3582bf4bca6f,0.33605
congress/111/M001165.jpg,584dd514-96ba-4de9-979c-a435528f1694,0.18134
congress/111/L000566.jpg,9a41e0d5-f08d-4554-960e-ef60ed12f70a,0.2337
congress/111/P000591.jpg,470dc78f-eec2-4e18-b6c8-59282797b477,0.21907
congress/111/J000283.jpg,8ec9c7b1-f974-480a-889b-89ab77686a8f,0.09478
congress/111/T000463.jpg,d28d8132-42cd-4d84-96fd-faec7094c5c1,0.22962
congress/111/E000290.jpg,c66d3b9b-b481-45f6-914e-29466d55eacd,0.09952
congress/111/A000363.jpg,2c19aaae-f6aa-43fc-b6d1-7a074c0173ea,0.20687
congress/111/C001088.jpg,feaaf23d-3fb0-474e-853b-ace0407924fe,0.25649
congress/111/V000108.jpg,71829a5a-d981-466f-a50c-49afb939ecce,0.27363
congress/111/I000025.jpg,2d21636e-04a7-4f46-9ba3-ee93bdafbb9d,0.12279
congress/111/S001168.jpg,2e6a2d19-b03f-4a9f-a8ff-abb220a5a1c4,0.09585
congress/111/S001145.jpg,b7956ec9-ab6f-4d67-8d3f-a9c06ff0c113,0.18665
congress/111/B001259.jpg,0a6db549-d095-46a4-8e39-081785785704,0.16691
congress/111/W000215.jpg,5adee506-8bea-450f-bddf-4e5811811863,0.16201
congress/111/N000002.jpg,e0688812-e2f9-40d4-8afc-adf83d8a60e3,0.32054
congress/111/M000508.jpg,30fe4db7-7848-4962-b1c6-83a289eddffc,0.26702
congress/111/S001143.jpg,8d429f3e-3370-4710-92aa-7c3dc4419caa,0.28427
congress/111/S000248.jpg,d846791d-4b2c-4e21-a3d2-911114305f3f,0.13334
congress/111/Y000033.jpg,0f1822f0-457f-4cd7-b193-980f9e7ed562,0.22092
congress/111/G000309.jpg,e03d6a4b-e4c5-4655-8b16-54fc64b13d65,0.28122
congress/111/M001138.jpg,885387c1-5f2a-4292-9f89-112f5afde38e,0.13428
congress/111/P000099.jpg,3f06203f-f159-4834-a841-086be59e7458,0.09724
congress/111/C000880.jpg,1341d684-283e-49e5-95ce-616e3521f60b,0.2868
congress/111/F000457.jpg,f9747ea3-d6d8-472c-b4a1-d8ec86f576be,0.09514
congress/111/B001262.jpg,7c387735-71f4-4a9e-843f-4fa3f26e1e5e,0.13374
congress/111/P000096.jpg,fceb8de7-e5e9-4391-8020-38f401c9457e,0.14555
congress/111/C000243.jpg,7d0833b7-edc6-4aaf-89cc-34da7adba0db,0.38561
congress/111/S000770.jpg,6b052a70-372e-4a08-8258-18ec1f7d164c,0.21852
congress/111/C001045.jpg,dfa74201-cc42-4718-b795-92c64e4849e0,0.17523
congress/111/L000491.jpg,5e8dd233-565f-48e0-918b-0374f5701282,0.22201
congress/111/M000702.jpg,889e1080-15c6-44f8-b281-3c3675b30cad,0.15968
congress/111/R000584.jpg,95f671a5-528e-4207-a54b-bfa7b791bbf1,0.39067
congress/111/B001244.jpg,a64ad475-ec0d-4df4-8c65-88bd77a8af1b,0.17208
congress/111/R000568.jpg,6b976a80-4b11-4e24-ad8f-9a61a8140798,0.20308
congress/111/S001157.jpg,84d3c5fd-22ea-49b4-8f11-a2565678efb4,0.0954
congress/111/F000030.jpg,3483930b-78b6-4853-a76d-e30a69842265,0.27182
congress/111/G000557.jpg,27388d74-5201-4efa-ab97-0b7fe1601718,0.16693
congress/111/C000754.jpg,8fc52706-3205-4b5e-b762-66a7f963d00e,0.13292
congress/111/H001038.jpg,5da1c325-2d49-4b6b-bacb-f56d02ed37a3,0.2922
congress/111/B000382.jpg,f0e89e33-6899-41d9-8cd3-99ef36cca592,0.25767
congress/111/B001236.jpg,a57532f7-cf35-42ca-8a7b-8f0e7fc19b1c,0.29617
congress/111/G000556.jpg,a9f1a8a4-cc88-4860-ad76-1c2ef478fd04,0.20643
congress/111/R000486.jpg,2107efbb-81d3-43bb-b8ee-fa818db371c5,0.28599
congress/111/B001248.jpg,ca269c7a-3ea0-4c39-9871-77e232319003,0.23549
congress/111/A000014.jpg,1eac8447-86c0-4676-8274-bbd752c59119,0.12572
congress/111/P000599.jpg,a2ae2686-8227-4b9c-b124-785667a665be,0.13843
congress/111/W000413.jpg,73a28a7b-7800-4886-ad65-d9be412a5715,0.26124
congress/111/B000468.jpg,c17ad475-2449-4d14-bac7-c60722779849,0.1694
congress/111/B000461.jpg,66542245-d593-40c4-b409-f2c9735aab5b,0.29609
congress/111/D000599.jpg,0dd0fcf4-f8b3-4543-9b52-b35ad559a8ea,0.23754
congress/111/J000032.jpg,c551ea65-09eb-4d70-be33-cf10077c8506,0.09579
congress/111/T000469.jpg,4c3ae9d9-1537-4dee-82b6-57bb76c2b373,0.2269
congress/111/N000182.jpg,2a5f6a2b-1a95-415c-a277-42670febc62c,0.28697
congress/111/S001175.jpg,02b87520-32ea-4a33-9cda-dc39b8d491d4,0.09685
congress/111/R000146.jpg,cb658e27-8aa3-4678-82cf-661fdf25cd01,0.21641
congress/111/S000250.jpg,c15cb686-68ed-48de-b6a1-9ab0b2af7c74,0.11779
congress/111/S001153.jpg,879f810d-efa3-46f8-a876-b4b8ab0cfa0f,0.09716
congress/111/C001067.jpg,07cc7659-70a8-4dec-8017-c517adbd79c0,0.08813
congress/111/W000802.jpg,e736b112-b1d0-4e5f-9e18-95082b87fe6a,0.3353
congress/111/R000570.jpg,dcb63707-9cb3-4d6c-998a-a0ce970c4bf2,0.12581
congress/111/L000565.jpg,7ea38eab-cb27-42a8-924c-9dbbfe4d4224,0.13913
congress/111/W000791.jpg,25da2415-fb44-4cbb-975f-9e73acf54304,0.26908
congress/111/M001159.jpg,e7338194-4771-4738-a532-d5ed168aa089,0.15546
congress/111/M000309.jpg,4e57a903-9be4-46b7-9707-abf3db7e8d80,0.09892
congress/111/D000610.jpg,f9f6dd90-df60-4686-a2c1-ae5019c0ff9e,0.13283
congress/111/B000410.jpg,86503917-d205-48e5-a2f9-dc409978b19a,0.25392
congress/111/F000339.jpg,364f6787-ea83-4279-9144-bca8c22be524,0.10804
congress/111/D000563.jpg,79a5cc4e-8955-4a6b-a0b2-209fe024b1d3,0.20875
congress/111/W000187.jpg,1c91cdd0-e1b0-4254-9c11-ab6ef6c487a5,0.0961
congress/111/G000553.jpg,15fb3e31-711b-476c-a64f-70148df5426c,0.08294
congress/111/G000445.jpg,f7588cdb-29d8-4733-ac22-23a90acf8fad,0.25586
congress/111/Y000062.jpg,d11a7d57-df66-4c20-ab0f-1429c62a7f49,0.34746
congress/111/S000522.jpg,1047cf27-0a6d-40a5-9518-5d7da737f886,0.36867
congress/111/S001174.jpg,c01bf2fa-8475-42e2-a76a-a8c6845dbfb7,0.13188
congress/111/H000528.jpg,bc935706-1715-4ef4-a8b4-c27850f7e97e,0.28378
congress/111/P000149.jpg,1e12b2ee-c2b2-44ca-b7f8-99a775064d2f,0.15697
congress/111/S000822.jpg,b0315560-bdd0-41ec-adb4-dd820ad8a611,0.14596
congress/111/R000462.jpg,311f76da-318f-49ed-bec2-a6cba94eadd8,0.09032
congress/111/R000170.jpg,c1ab7e43-1c7d-4eed-8f1b-922c2bc86727,0.2179
congress/111/F000456.jpg,2f378fc0-998f-4f35-964d-e02ef93f38e6,0.34303
congress/111/D000609.jpg,ecbb6ae0-dcc3-4286-a3c6-3c79e634d284,0.23259
congress/111/C001070.jpg,224440f9-8c86-427e-b7e4-d9f0d35471dd,0.09608
congress/111/T000468.jpg,46adc3f7-0abb-492c-90b6-2b12d702aaac,0.1218
congress/111/W000793.jpg,1788c967-7c23-48bd-9a60-7bb65ff3902b,0.17235
congress/111/B001254.jpg,e51fb4ee-194b-4119-bb6f-12b32f535fea,0.09558
congress/111/W000672.jpg,df87404b-8338-4f0c-bae0-803f77ea0a91,0.09911
congress/111/S001165.jpg,84344dca-a4ab-4ebf-a068-f990fb6c0205,0.14897
congress/111/C001037.jpg,8a7a8ca6-8a23-4d08-a516-888068bc9e0d,0.35822
congress/111/B000944.jpg,8206acd3-d341-42e2-bd86-50d6aed62e6d,0.17056
congress/111/B000287.jpg,fb7c8608-1fd9-4ea7-9899-3fecb7d2c1df,0.09157
congress/111/B000652.jpg,200f230f-66ed-458e-8917-1ba4593e68b9,0.19734
congress/111/S000465.jpg,cc4ecb21-1836-4041-8d43-4bf53d263931,0.17185
congress/111/E000285.jpg,887af5ad-d4e7-45df-8411-3beca4258d66,0.09486
congress/111/S000148.jpg,90ea9dcd-d4f7-4f45-ae2d-6f51bb4a12c9,0.34257
congress/111/C001080.jpg,94655aa4-e346-4ea9-ae7d-7e5cb43fbbcb,0.11071
congress/111/K000362.jpg,833e85d9-190b-4dfa-b9a9-e1a50d2d4a11,0.32912
congress/111/O000006.jpg,ada0c9ab-9a24-46d0-ae76-952c9568cc98,0.10016
congress/111/N000183.jpg,d5721a65-3604-4733-b3de-ea25ba84b494,0.09014
congress/111/S001158.jpg,f0ab20e6-b17c-4ce2-9ea9-806d61ab5030,0.09257
congress/111/T000466.jpg,e5808c2f-49d1-40af-8830-5235cbf114a9,0.19237
congress/111/C000286.jpg,ecb01433-52a4-40da-a116-2f2b037c0c79,0.15456
congress/111/C001075.jpg,5be5eb20-e007-40a3-a3db-12dbe62907e4,0.13924
congress/111/L000571.jpg,f4fc0747-f8c4-4a27-bf59-480b30715989,0.25676
congress/111/W000795.jpg,54625ef7-b5fc-4b56-a5ec-4ce67b09d766,0.22781
congress/111/R000577.jpg,0dd601d8-d83b-4c06-9bb8-076a05386972,0.09094
congress/111/S001178.jpg,cba82323-adbd-4d51-8b43-8a5d1abfb716,0.1018
congress/111/B000589.jpg,884e49e5-72b5-4aef-8ed8-529b871be434,0.21324
congress/111/B001256.jpg,20e5ffc5-edd1-445f-a9c3-55c7b13c2458,0.09034
congress/111/W000801.jpg,4a71f1c6-bf49-4640-8dec-e0d56408f2be,0.19751
congress/111/C001051.jpg,91d2c237-2ffe-4fc4-bb78-02fa267aa224,0.13486
congress/111/G000558.jpg,57a3f8db-015e-412c-81d2-1dc82bc70900,0.1906
congress/111/R000578.jpg,7ec2c957-7bb6-4814-9ff8-f6fc5d87b564,0.26564
congress/111/H001044.jpg,be3ab72e-ba5a-4faf-8433-ccaf70b6d0b3,0.09933
congress/111/A000361.jpg,b18387fb-d504-4eb5-91c1-026c525c5df7,0.15938
congress/111/C000567.jpg,4d231731-d59e-4700-b100-78529fc1ff11,0.15013
congress/111/K000372.jpg,2c5a8f5a-3a13-4366-841c-7a229c0bb88e,0.14729
congress/111/C001059.jpg,6f8a07da-5863-488c-9440-73c02a5afac0,0.12409
congress/111/K000172.jpg,19a17cc6-8066-44a3-ad24-fba46d737d5a,0.17374
congress/111/L000321.jpg,2bca6e52-7c56-4c2a-82d2-4242bd19fe9a,0.14541
congress/111/C001049.jpg,2d7abd1e-26ac-4216-84ed-4c7506c81165,0.09477
congress/111/T000467.jpg,326d1bab-6ba3-4084-aabc-1c33bb43ea9f,0.19171
congress/111/M001160.jpg,955f15a0-8a33-442a-b8f0-01524f918923,0.08584
congress/111/H001039.jpg,76806ec7-3faf-4e2c-9bfb-a161175b0f8d,0.17275
congress/111/B001257.jpg,3f5b9a96-22b7-4dc2-9ed2-3e1c11291c2f,0.16322
congress/111/M000355.jpg,7a0279d4-b36a-48d9-b93c-edfbc13a8d60,0.17701
congress/111/S001171.jpg,5b86b677-35d5-4fb2-b857-67345f8da1c1,0.20666
congress/111/W000119.jpg,1ecf32e1-39ef-4f27-8e7f-6e5b6e4b74ce,0.26663
congress/111/S001150.jpg,2826a2d1-266d-4b36-ab4d-c0b02125ba23,0.17022
congress/111/G000554.jpg,193d0988-2f44-4777-9054-4c644291df06,0.09806
congress/111/H001040.jpg,4ed03411-cbcf-4fb7-91f1-7a39106504ba,0.09705
congress/111/B001229.jpg,c446fbf3-c8d8-41ad-bc26-cc424be53b10,0.20234
congress/111/S001188.jpg,29053702-7373-4917-b7f2-8ce91ada86ba,0.22469
congress/111/B000711.jpg,b5fefebf-d111-48c6-a328-9af5948f4c62,0.09595
congress/111/G000551.jpg,8fce2ef3-e9f0-4b69-a3e9-fd1d83e0135f,0.21362
congress/111/I000056.jpg,39ba2a30-f0d6-4f32-847b-4e5dce9e8905,0.30719
congress/111/M001120.jpg,6eef2984-5df8-4122-bdd0-402dc694efb7,0.09851
congress/111/S000364.jpg,bfa10dc4-b4d8-4cf9-a8dd-d078149c6288,0.14209
congress/111/M001150.jpg,37ceab91-94c9-46aa-a1f9-260859e74d7e,0.09883
congress/111/M001134.jpg,c9e7fc67-48b5-4618-8941-9aa910718219,0.09348
congress/111/K000008.jpg,967e8fb7-3d7c-4857-9d3a-00dfc708ac2a,0.16331
congress/111/R000487.jpg,fd9b36b2-a025-4a31-afb7-dd92d77eb7b4,0.21368
congress/111/F000061.jpg,0239f6db-4fae-4191-a6e0-0de0e48f80bc,0.18801
congress/111/L000480.jpg,1e83c806-a3cb-4aa6-8d6b-68c931279e8b,0.26228
congress/111/B000953.jpg,6204a2da-908e-4ef5-a649-e79f4c83e183,0.1803
congress/111/E000092.jpg,561a1aab-9d12-4161-a5f2-0c8f22c7f930,0.10425
congress/111/B001263.jpg,c279e135-2458-4e59-9a58-c4e4d1f64f29,0.10853
congress/111/V000128.jpg,95fad63c-96e2-4cea-9646-8a50eec51575,0.18036
congress/111/M001169.jpg,679e831f-e167-486f-ba37-b7fa68d18ab6,0.30093
congress/111/B000911.jpg,0e58f86a-9124-461e-8219-32f850397c5b,0.09273
congress/111/R000573.jpg,c11206da-7201-4a5a-ace6-15f400a879d0,0.21768
congress/111/D000608.jpg,028cdcf5-91e2-4af7-b108-b67cebdc0729,0.09658
congress/111/M001158.jpg,dedba779-5883-444a-8b69-5262c2278e70,0.27378
congress/111/P000034.jpg,b0f3d3ec-9605-4fec-a3f5-da135188855a,0.09547
congress/111/K000180.jpg,f40d8065-fc92-44d1-a6d1-53b72a064135,0.09
congress/111/S000275.jpg,6b2e1ea1-3594-41de-a682-ab65a94ca155,0.09961
congress/111/S001173.jpg,ad3df7ba-7fda-4556-9d7f-b1caa5d412ab,0.12653
congress/111/W000804.jpg,8ae7589f-d155-4d96-9a09-c0c77b1fee46,0.09609
congress/111/P000265.jpg,f5a7992b-a4be-4318-9fa9-c47ca36b535a,0.14395
congress/111/W000805.jpg,4279f173-253b-4bf5-b341-0049163d352f,0.24658
congress/111/E000215.jpg,e2820cd5-ed22-4f02-b800-da04cd445156,0.09962
congress/111/D000432.jpg,c7220b3b-6abd-434c-b241-53b05a08a1c4,0.17931
congress/111/S001162.jpg,fbee7d67-dc7e-4496-9ae9-9d2a95699357,0.13282
congress/111/B000574.jpg,666af4e8-d574-408d-825c-0c524b293163,0.31209
congress/111/P000373.jpg,ee24045f-fc5e-48d2-9e18-f6000af92cff,0.20267
congress/111/B001230.jpg,d026e864-788d-4f2c-8f4a-ab1d33162679,0.09268
congress/111/L000560.jpg,3435b5d7-7640-44eb-8224-222be3c3332c,0.18139
congress/111/U000038.jpg,b2800f95-3750-4aeb-93a8-097776852eea,0.09911
congress/111/R000582.jpg,b39737de-3e0a-498a-b4a6-2468967e258d,0.21256
congress/111/K000365.jpg,fe2db113-4081-4aaa-a653-9afce53279cb,0.27127
congress/111/M001177.jpg,4a47dd70-346a-45b3-b803-5c4f3cc1602e,0.18153
congress/111/S000033.jpg,12d0c1bf-5c81-47cd-96ab-fc35116b9214,0.28917
congress/111/L000562.jpg,84bd1016-41b6-4902-915c-5f1034edb46b,0.15399
congress/111/B001264.jpg,8b745c85-a270-42ed-a2b5-0cc62b63ab31,0.38732
congress/111/O000085.jpg,b4ae9642-649e-4070-9360-22080f516fde,0.10099
congress/111/W000738.jpg,f38312a2-cb35-4f9d-a8dd-d40219b5c411,0.1601
congress/111/T000193.jpg,5f7d6f72-ec75-489c-acb6-7f7d01a963e3,0.09612
congress/111/A000364.jpg,9fbd8908-9c04-4fc8-b481-49d3b0493950,0.14695
congress/111/B000420.jpg,1f8bd9c5-6b50-48c1-8b8f-506250b402fc,0.29204
congress/111/D000602.jpg,6ecf2cd4-4e52-4638-8f14-b9f93042933e,0.21882
congress/111/B001253.jpg,58283a41-654b-4098-94dc-f2edb2d764c8,0.14945
congress/111/H001047.jpg,c059c7d4-2e31-4709-abd1-8538ac47cce8,0.37291
congress/111/W000794.jpg,55213138-6c44-44b9-a770-0d62f53bb900,0.09417
congress/111/M001148.jpg,9a2ca02b-37cc-41e2-8db1-1fd544230bc7,0.09254
congress/111/B001242.jpg,a95cb781-4e65-4062-aeec-a89549f391d2,0.09876
congress/111/D000399.jpg,d7165a13-126f-4b5b-95b1-1bd28f0d0ef5,0.17898
congress/111/R000572.jpg,479d3288-7377-44ab-a9ad-6b6205027761,0.17213
congress/111/G000359.jpg,130dc44d-46cc-40f2-b597-a70b661e8f89,0.17614
congress/111/S000709.jpg,d8eb446f-85f7-4628-b281-758f5ddde563,0.30786
congress/111/V000127.jpg,4713e9ec-a2b2-4821-b9f5-bd94ec8921ab,0.18107
congress/111/C001047.jpg,738d6a60-5dc4-4a04-ade4-c5f61d805ab4,0.11849
congress/111/T000460.jpg,0d587e83-af67-48da-ba75-87d1d171c04e,0.1952
congress/111/D000216.jpg,17fee449-bc62-40e5-85cf-ce8b49eda9cb,0.22925
congress/111/I000055.jpg,406aae80-58c7-4b3a-9379-20b9d7aa7c79,0.09423
congress/111/M001140.jpg,1d6b4232-67bf-4fde-9aab-74d50e67c5d4,0.3101
congress/111/L000174.jpg,821f05bc-c6e1-4f88-8612-7788bdd1dff1,0.14464
congress/111/S001164.jpg,81ae6787-abd2-4ebf-8737-44e6c1adaba8,0.33416
congress/111/H001032.jpg,f6a12370-dc2f-4bb2-8beb-aece5213313b,0.2559
congress/111/M001178.jpg,87537747-6235-4627-85dd-c639b646fa22,0.19361
congress/111/S001180.jpg,42484069-2b5f-433d-ae5d-e677a1e29c6f,0.20812
congress/111/F000450.jpg,432b73d9-de92-4402-955b-e2d564d3757c,0.12616
congress/111/L000517.jpg,df14d173-96f7-4fe3-a903-17c988361ada,0.14325
congress/111/W000207.jpg,2a8d7a47-3331-48c6-bae0-c3302292deb9,0.15268
congress/111/M001166.jpg,4c5f5d17-fe96-48c8-8d20-fbcf396d6c25,0.09656
congress/111/F000444.jpg,a781c449-e85d-4422-8535-d0fc1f6f0f76,0.09527
congress/111/W000800.jpg,82b1a566-d97f-4357-8432-ba45b2332380,0.15666
congress/111/H000324.jpg,ed55bd2d-a5ed-4513-b00f-d283e9bd1c6b,0.15497
congress/111/B000716.jpg,423813f8-67ce-40a4-8a61-86c17d4f8354,0.23809
congress/111/S001179.jpg,ea865d73-2217-48b0-a689-9bf1a1bdb977,0.14142
congress/111/C001048.jpg,776fb2b2-b3b9-4ceb-933b-86c83e23a8b6,0.08568
congress/111/B001247.jpg,5e4d325d-fd9c-4aae-8968-7a57f0e37b95,0.15496
congress/111/D000598.jpg,b5e7f2f7-0adb-4680-9266-05e6a603a32d,0.09868
congress/111/L000563.jpg,4569bb4f-e91b-451e-9918-48e4250035fb,0.26362
congress/111/H001048.jpg,8aff2cce-f8be-423f-8de3-ee83b4e4a417,0.10868
congress/111/H000627.jpg,5ee28f6c-b974-4f97-a095-e90d823e8f75,0.1859
congress/111/C001069.jpg,be5dfbc5-415a-4a3a-99ec-9ab2f7235b3e,0.15269
congress/111/T000250.jpg,7605b612-4cf7-43f7-a1e2-6927a5b3a571,0.1384
congress/111/P000586.jpg,6f5d0bcd-8e19-4b69-b7ca-d4cd8b9c4c8f,0.09463
congress/111/T000464.jpg,036ac101-01d9-43d6-b56c-1c25ab3e037a,0.21792
congress/111/S001156.jpg,3baf8fdc-b2ce-4c53-95a8-a6a5a906c893,0.11506
congress/111/C001061.jpg,d0a2ca22-045f-4d25-aa09-c3e54e6c272c,0.09941
congress/111/B001231.jpg,ac1d20c3-f268-4779-a138-b43c9391b49d,0.09913
congress/111/I000023.jpg,31228ac6-61da-4a9c-af85-d9d2e8a53584,0.23488
congress/111/A000022.jpg,2d850b38-1a46-4a5f-bbf7-1146fb159146,0.33977
congress/111/T000260.jpg,f4036e03-0601-47f9-a5da-e6d49c0df8b2,0.09522
congress/111/H000213.jpg,613c2de6-88de-403f-aa65-6bf129231dbb,0.13567
congress/111/M001137.jpg,846be777-0ffb-494d-bbd0-281df45c2b23,0.09409
congress/111/S000810.jpg,43d0b11c-cfc3-40ab-91b6-a510da12a2a1,0.2672
congress/111/T000074.jpg,a26ebaaa-fe29-4666-8fb9-b4031ce663a4,0.1622
congress/111/S000663.jpg,9300d6b6-0400-4f05-867b-8d993d69a795,0.09516
congress/111/C000794.jpg,9634ff98-260d-4d4b-bc84-f84fc3188c5a,0.15042
congress/111/C001068.jpg,ba2c2691-ffc6-4e1c-abae-c6b93894d97a,0.12978
congress/111/C000071.jpg,6ade1121-53b7-48e5-9e45-26ad7e6f5825,0.27337
congress/111/M001154.jpg,f82cdf33-c631-432e-aa7b-a8a61e8dc355,0.17509
congress/111/C001065.jpg,7fecfae5-d2a3-40c9-8e63-f1e2dcf2a3e3,0.30379
congress/111/F000455.jpg,95fe1e0d-6309-4150-921a-53d30c20ce83,0.09129
congress/111/F000448.jpg,eb83ef9a-9e8d-4e1e-a30d-b3ed7d7a177c,0.14339
congress/111/B000013.jpg,f6794a67-c7be-40f7-a3a5-f6a816980678,0.22476
congress/111/R000571.jpg,4707f03b-d9b8-4f77-ba5b-d2941b5daf2d,0.19386
congress/111/L000397.jpg,cc98523b-2305-4ca0-bef5-1ace2281d3f7,0.09617
congress/111/K000368.jpg,1b3201a8-59b4-4b19-9106-45f735087e98,0.08895
congress/111/J000288.jpg,d5383789-205c-4e16-9dcf-6acc4ada4ae3,0.08996
congress/111/G000021.jpg,ba6406ec-ddf9-464e-8b40-f93b7373f760,0.17302
congress/111/G000377.jpg,98a7969a-422f-4f1f-a505-9573dd22d734,0.09234
congress/111/J000285.jpg,5da3e3dd-1358-48a5-a192-e2008428cfb6,0.21587
congress/111/B000213.jpg,c10f4f70-bc23-474d-a646-a5d2858dcf9e,0.11981
congress/111/B001245.jpg,cb26ee71-3293-44c7-8aaa-50b040b3a363,0.19628
congress/111/D000533.jpg,fba5d910-481e-464b-b011-c110a5645e5b,0.20189
congress/111/H001046.jpg,710c36b9-99a9-4431-a343-f88eaadb656b,0.21549
congress/111/T000238.jpg,6b4ad1ec-e5c6-4b3c-a02b-a5b290b2a8a4,0.13701
congress/111/H000329.jpg,d83e6dfd-59cb-420f-b840-f9f1048d4beb,0.15054
congress/111/C000127.jpg,3e795605-b1ec-4280-89d8-676dd16a415b,0.09926
congress/111/M001168.jpg,c684a135-b081-44fb-8748-9f65c652deae,0.09801
congress/111/K000220.jpg,51b444a5-ad77-4283-a750-3181fe58cea3,0.09895
congress/111/A000210.jpg,b9cc437b-3079-4a09-9565-8eb129902fd9,0.21115
congress/111/K000336.jpg,03c371d4-bc22-425a-b1d8-1d67843f57d4,0.1742
congress/111/C000705.jpg,02fc14f2-9ea1-4eda-a6fd-dab61a8389de,0.20046
congress/111/M000844.jpg,be6422d0-6078-4e8b-aae4-1634cd643bf1,0.2979
congress/111/L000035.jpg,e8914305-58f2-4c3a-9ab7-c8657a000c8c,0.094
congress/111/B000208.jpg,24555286-62cf-4451-971e-6911671145f8,0.12647
congress/111/M001147.jpg,586b3554-b651-4228-ba8c-46889f330ff7,0.16843
congress/111/T000266.jpg,b050659c-afd3-48ec-a86e-bf4115338d1e,0.18274
congress/111/V000126.jpg,8964f5b6-eaf8-4fa1-abed-5d46b4dcf10e,0.12701
congress/111/M001142.jpg,37ade136-55ca-4adb-a7d1-9eaf20a6a193,0.09426
congress/111/D000210.jpg,1b9b2368-6738-44a4-9f2d-c57b446c038a,0.2271
congress/111/G000548.jpg,466364d9-1586-4140-9edc-0662b47b2ed3,0.13455
congress/111/C001060.jpg,3adcc78c-95e0-4305-ad46-caaeaedf2f49,0.1724
congress/111/R000409.jpg,9d419c10-8b11-41ba-ac0e-7887e75e4490,0.27017
congress/111/H001042.jpg,7d58e37e-b32b-46fd-bcd7-281f1d814309,0.11351
congress/111/D000600.jpg,ef07d5ef-13c4-4fd8-a3c8-bfbdc1bed2f2,0.28505
congress/111/B001203.jpg,bbff2ac8-4d01-485b-8062-81910f694c67,0.30819
congress/111/R000004.jpg,b1f45a97-e232-44aa-86c3-2502383bad63,0.31021
congress/111/P000523.jpg,f715313d-0287-4eae-ae93-f733f2e2a0dc,0.15507
congress/111/H000636.jpg,4a584266-e2ec-43e9-a945-6368d550841a,0.2248
congress/111/J000289.jpg,95a8797d-a8f9-4c56-b49b-8e46198bbbd4,0.20737
congress/111/S000185.jpg,1ae12cd2-b057-4b95-a1de-735c40503c66,0.12537
congress/111/M000934.jpg,08ce9c81-03e1-4b85-8293-791ed01a045a,0.08983
congress/111/S001141.jpg,2074d327-d8e0-4ac6-88d0-446e8e69b766,0.15598
congress/111/K000105.jpg,f5673bc2-a2a9-4ab7-a958-e58d520e7af1,0.17837
congress/111/B001251.jpg,dab60b66-fbd2-4223-8392-a2aa7d6cc3bc,0.13038
congress/111/K000148.jpg,98b5d3b3-6c2d-4b79-ba0e-9b1fd1a68494,0.09284
congress/111/S000583.jpg,57ce4ba6-e932-49e0-8059-03aa4f189268,0.31672
congress/111/M001153.jpg,ec8c0bf7-f561-43ea-affa-8450774bc019,0.14536
congress/111/S001163.jpg,34bd9468-e698-40a1-a49a-a83f56afd149,0.31038
congress/111/C001053.jpg,fbd2eedf-f075-45ad-8bcb-e599c1553387,0.21149
congress/111/E000194.jpg,2ea0c9c6-12f2-42b3-9f06-6f7732bacac5,0.09236
congress/111/C000556.jpg,1403ce64-6cdc-4fe3-b26f-5565e0a47f64,0.13241
congress/111/B001250.jpg,fb6d2cf4-a940-473d-951b-848017b8a78b,0.12883
congress/111/B001267.jpg,74a2fe57-f095-45c6-a8c8-37b31f2ee946,0.12787
congress/111/S001172.jpg,89aaabb4-9f87-43eb-92a7-dd03121d20d7,0.13314
congress/111/P000585.jpg,961a65e8-2fa5-4b54-9263-36f6f3206454,0.31203
congress/111/R000435.jpg,658588cc-e859-4d6c-a93f-6ef0b58922b1,0.314
congress/111/M001161.jpg,0da0ca4e-f1ed-4797-96a1-aed66e565ece,0.36528
congress/111/S001176.jpg,24b035ed-b795-491c-bdde-af17a0400769,0.13571
congress/111/F000062.jpg,8e5f7cd8-d989-4531-a850-166094aa11f1,0.16039
congress/111/M001172.jpg,5fee6eb1-1c4f-4321-904a-79f88aa899fd,0.1622
congress/111/O000007.jpg,bf5a8646-493f-4365-8b96-5983b549252e,0.15554
congress/111/C000141.jpg,35cef7d9-4f90-44bf-ab94-fe844e8c9f34,0.09869
congress/111/R000585.jpg,72410634-84c3-4849-9208-1fa1ff75d4fc,0.20891
congress/111/M000388.jpg,14ef3dd4-1f12-42f9-bdb8-b4205f61ecc0,0.18783
congress/111/W000779.jpg,eee0d730-ee89-47a2-9313-485f4fcd7c2a,0.33395
congress/111/Y000031.jpg,c7bc2371-0006-4540-b56d-ed2390e2158d,0.17309
congress/111/K000370.jpg,3ba157f2-6758-4639-ae58-922523573262,0.17224
congress/111/L000567.jpg,172584ef-7870-4aa0-a3ac-b57dd0bc0cbb,0.22344
congress/111/U000031.jpg,70c07713-113f-45d3-9bcb-8ca1b4a679d2,0.23641
congress/111/F000449.jpg,98a43c83-5871-4d08-9526-52e97c7bedbe,0.09738
congress/111/B001265.jpg,7b7cd345-3ece-4ffa-8198-1c9c3cb1fea8,0.1925
congress/111/L000551.jpg,6b2da19a-665c-4f5e-90f3-e4cae5f9d876,0.08817
congress/111/L000553.jpg,25438462-598f-44df-b31b-bf8cc967a650,0.18844
congress/111/K000352.jpg,b332a919-84d1-42f3-bd64-ddab5fca4885,0.25823
congress/111/M001146.jpg,5cc6a7ac-c848-49ae-a3ad-fab2a3e3f441,0.28499
congress/111/L000287.jpg,b3eb929f-d5c0-4d7c-a958-2c543a238b7f,0.09099
congress/111/B001135.jpg,d0cff4fb-accb-4d47-8f2b-e78e2763bf27,0.23937
congress/111/M001167.jpg,b058ddce-70ef-483d-9067-4aa996600e8c,0.31399
congress/111/B001239.jpg,a6059768-8d11-425c-bcb2-0e65d5e17184,0.12323
congress/111/E000226.jpg,2b7f896f-2859-446b-a7d7-c9d10922b749,0.22583
congress/111/K000367.jpg,a14491cb-16d7-4560-882b-3edfd3910ba1,0.32024
congress/111/C001076.jpg,a2270fcf-f852-4fa4-bcdd-d0aa1bb61272,0.14773
congress/111/L000559.jpg,26dcd0df-83d2-4e10-8f3a-5f813bb4f809,0.19617
congress/111/F000372.jpg,cf92c24d-b186-442b-a5a8-8f111c4f369e,0.17379
congress/111/B001261.jpg,21736225-35f5-4997-a2da-e51366ed96b0,0.1357
congress/111/S001155.jpg,5b23292a-b491-43c2-9da3-0fcbefa64a4b,0.30089
congress/111/I000024.jpg,14a5b5db-0b2e-432b-83f6-53ca2db831f5,0.18324
congress/111/E000179.jpg,05f4f188-2d15-444a-94d6-f024d0e849f1,0.25127
congress/111/P000598.jpg,f8e64273-3343-4690-9b24-e8fa732d67a1,0.295
congress/111/C001071.jpg,3661fbcd-a976-46cb-93fe-d26f418eb416,0.10183
congress/111/H000338.jpg,4da2db77-b800-446f-9db4-5394bd7d4f4a,0.09295
congress/111/F000043.jpg,37cee5ec-0b70-4124-bc2c-eadbfb0f3149,0.08788
congress/111/C000537.jpg,5a08b384-91a7-4049-8807-0e13100d9f60,0.11367
congress/111/R000580.jpg,d34b4dd9-e0d9-49a8-9198-ca7f71ba4e2d,0.26753
congress/111/C001077.jpg,6566b829-4239-405c-a3a6-4e03247b9de6,0.32235
congress/111/W000797.jpg,6e754fd8-5668-4ebd-b0f3-3ca650f182e8,0.09224
congress/111/J000174.jpg,1e50660d-69d0-4bdb-88dc-eca13c203b04,0.17897
congress/111/A000055.jpg,346dfdd6-1916-4936-be4c-164c538a58d7,0.21435
congress/111/C001035.jpg,90c9491b-47a7-41e1-bcef-f123f43b9271,0.20374
congress/111/P000590.jpg,80707a9c-2d9a-4f5a-9b17-11b523b55f3d,0.22589
congress/111/T000057.jpg,9dfd3834-a13a-404a-8623-f8cb111a7268,0.09909
congress/111/F000454.jpg,931a8efe-3840-468b-945b-99d4f4a619de,0.09859
congress/111/R000581.jpg,52710f2c-4dcf-4889-890c-91e870b9fbf3,0.20358
congress/111/R000395.jpg,9e8175cc-3859-45c9-b99f-b25d8a4d8734,0.19531
congress/111/G000535.jpg,5d4c4b66-0b97-4e1d-8241-b4ae7d5cdcf3,0.20785
congress/111/M000472.jpg,05459e44-096a-4f29-8058-adc8654b0642,0.197
congress/111/B001235.jpg,674c805b-9b9a-4d5a-8ebc-07b63f66d1e6,0.0917
congress/111/T000459.jpg,75b1e5a3-160d-43a1-aced-d9ea867b1fa2,0.15965
congress/111/K000371.jpg,540ac440-cc60-4ad1-8a6e-9074b93a4294,0.22232
congress/111/B000657.jpg,d4ad19ec-e848-4929-b8e9-cf31ab23848e,0.23763
congress/111/M000404.jpg,de7f0d28-33ec-4c4f-abea-76c1404d8351,0.09594
congress/111/B001149.jpg,494bcb17-d68a-4e9b-a4d1-5c337e49d845,0.18245
congress/111/N000181.jpg,a900c02e-72d5-4e37-a8e4-c64e261e254b,0.1322
congress/111/C001078.jpg,559347b7-2057-48d9-91f2-f79330a89efb,0.09052
congress/111/B000490.jpg,274a8e8d-7c62-4acd-a45f-b64738214051,0.23161
congress/111/M000133.jpg,e790585f-aacf-4a3e-a9d1-5031a9ca9c85,0.17247
congress/111/P000583.jpg,5c623861-8a9d-49df-8d7a-98c3c7abc93c,0.20372
congress/111/D000327.jpg,15a9e229-c613-4882-96d4-1d0f8a3a47f4,0.09223
congress/111/W000792.jpg,2628587f-02de-4ef4-b997-31d5591fb00d,0.15371
congress/111/P000258.jpg,231464db-e402-49cb-b82f-ef4f59860772,0.13114
congress/111/M001149.jpg,afaa478a-fe42-4c15-81cd-355699babf94,0.21137
congress/111/P000600.jpg,22891b2b-68cf-4546-9be2-ab76e679771c,0.09802
congress/111/R000053.jpg,caeb1217-9fe1-4bbf-9a3a-1fc2cac594ae,0.08782
congress/111/O000169.jpg,2c7775fa-760b-4d32-8369-18de9748840d,0.23437
congress/111/S001045.jpg,5b772fae-cf4a-452a-8971-59fa033fbf63,0.28096
congress/111/L000550.jpg,9902c359-606f-4b55-9b07-e32f9a9c5d3f,0.09961
congress/111/L000304.jpg,3f19c690-be35-47ac-817e-8b8db84e2bbb,0.24142
congress/111/J000291.jpg,508f28ba-df6e-430f-9403-c18832c8563d,0.27979
congress/111/R000576.jpg,181f401f-cd6f-4ac4-b1c5-7b093501d7a2,0.17891
congress/111/C001072.jpg,1e20e681-3f33-4c21-8ff2-9476b90c0981,0.09694
congress/111/K000305.jpg,f1632118-e937-44ec-94af-e6aa327bebea,0.29589
congress/111/S000749.jpg,8c45c3c8-4f3f-424f-94c8-a06aafb82a34,0.28941
congress/111/U000039.jpg,02729054-9537-44a7-8112-009413ded044,0.15574
congress/111/D000603.jpg,c56b3690-ce31-460a-a9d9-cec32ed4be5d,0.10201
congress/111/M001111.jpg,7d93d235-d2d1-4ae7-ab45-2d7e4388fba2,0.09453
congress/111/I000057.jpg,8e74b6af-2667-4af7-89da-e7387dbfa3db,0.1152
congress/111/S000510.jpg,a10ea111-8b66-4b5c-acc7-4047cfacfbda,0.12688
congress/111/H000676.jpg,0b50f658-c172-4793-9e81-f2d9ad36b2ec,0.20265
congress/111/M000639.jpg,7769253c-1f75-4d3c-9575-af9fa6fbab68,0.15623
congress/111/D000191.jpg,b1f7394a-14a8-4ae1-8a6a-e5df5f223fea,0.20958
congress/111/C001056.jpg,2d3537a1-e41b-4efa-81f9-27854ca2cd8d,0.16104
congress/111/T000465.jpg,666a9f70-5ddf-4317-902a-0a4846902f33,0.0949
congress/111/E000172.jpg,2f91861e-6338-4bd2-8f9d-d7ac69014d86,0.09683
congress/111/B000755.jpg,4e3a9c60-e287-412f-b9a7-e4ff0df65e38,0.42002
congress/111/A000069.jpg,2eccddb9-81a3-4628-91a7-f40f2af0e649,0.20875
congress/111/P000587.jpg,ef1d413c-3825-4958-977f-3a4c7657f1dd,0.09498
congress/111/L000569.jpg,934d7af9-45b2-4f36-ae9f-98ae7ee5519a,0.21736
congress/111/L000261.jpg,dd830e3b-77f2-4ca2-9f9d-2d0378845f1b,0.09872
congress/111/H001041.jpg,32c6221b-4dd2-4232-99e0-660a82f3fbcd,0.22237
congress/111/C001066.jpg,f538a231-a22c-43c1-97c7-21e0f442e8d2,0.13599
congress/111/O000107.jpg,1bd8f3c4-b386-4b2c-bbc8-55a68586022b,0.12482
congress/111/H001030.jpg,f24572dc-e45c-47d5-b743-2da9b2a643c7,0.25262
congress/111/P000595.jpg,d6c9f973-3749-4720-98f3-8865dfee2517,0.26487
congress/111/C000380.jpg,59aa65f1-94e7-4196-a84a-bb506929811a,0.09645
congress/111/A000362.jpg,eb5109e1-09a2-4c6e-9b71-a7e9424271a8,0.09977
congress/111/B001228.jpg,44bfec8e-db50-4aa8-af22-b50b7ff7f6a1,0.17423
congress/111/G000550.jpg,5d875bae-9212-4f4b-b6e4-f98d55838190,0.17716
congress/111/L000504.jpg,b56ff09d-f421-4f89-9849-d99b1deae016,0.17965
congress/111/B001268.jpg,d02c197b-f2bc-4dcb-a09b-a858452cabb5,0.29932
congress/111/C001074.jpg,f1fcb381-5b7a-4b0e-8ca3-451031e1c5d6,0.17692
congress/111/P000197.jpg,7b9b8485-66fb-4488-8f7f-07415f5302f1,0.09916
congress/111/A000360.jpg,142cd5fa-118b-441f-a20d-e019d83d3281,0.12974
congress/111/M001183.jpg,2de6f998-2f9d-4325-90b1-db30897c2283,0.31698
congress/111/K000188.jpg,367cb175-7078-4ea0-af05-21dc259fc625,0.1788
congress/111/T000326.jpg,19d5b371-67d4-4c35-b59b-117ef71a24f0,0.09878
congress/111/B001252.jpg,bea94323-e6d9-40e1-aa99-68e4e552ec1b,0.16965
congress/111/H001037.jpg,0494b7fb-c3dd-4350-b510-5dda97a5d45e,0.16677
congress/111/M001156.jpg,74efec90-9173-4ae5-97ce-7a8902714cb3,0.22908
congress/111/C001081.jpg,b17bd738-183b-48ac-9842-d46f5e87c2b1,0.26207
congress/111/D000388.jpg,e9ebf5a1-8393-4288-8e7d-76be5ae0d249,0.1147
congress/111/C000714.jpg,49b02cbf-21c3-4d58-87c7-c37804cf58e9,0.16953
congress/111/B001227.jpg,47378a56-c85c-4d0d-974b-84a13690fc47,0.10633
congress/111/S001177.jpg,5f5f6630-4371-4a8f-8c81-7c3a8741bd4e,0.09683
congress/111/S000480.jpg,c964bf8d-0bab-41b1-a7a9-a6b79adaef20,0.16562
